{"cameraMode":{"drawMode":0,"name":"Shaded","section":"Shading Mode"},"sceneLighting":false,"audioPlay":false,"sceneViewState":{"m_AlwaysRefresh":false,"showFog":true,"showSkybox":false,"showFlares":true,"showImageEffects":true,"showParticleSystems":true,"showVisualEffectGraphs":true,"m_FxEnabled":true},"in2DMode":false,"pivot":{"x":-0.000006094574928283691,"y":0.149949312210083,"z":-2.5331974029541018e-7},"rotation":{"x":-0.4311801493167877,"y":0.0473993681371212,"z":-0.022500749677419664,"w":-0.900858998298645},"size":0.7228311896324158,"orthographic":true}