{"cameraMode":{"drawMode":0,"name":"Shaded","section":"Shading Mode"},"sceneLighting":false,"audioPlay":false,"sceneViewState":{"m_AlwaysRefresh":false,"showFog":true,"showSkybox":false,"showFlares":true,"showImageEffects":true,"showParticleSystems":true,"showVisualEffectGraphs":true,"m_FxEnabled":true},"in2DMode":false,"pivot":{"x":-9.795357704162598,"y":20.857540130615236,"z":-2.3931846618652345},"rotation":{"x":-0.3810489773750305,"y":-0.0068808263167738918,"z":0.0030231825076043607,"w":-0.9246416687965393},"size":1.3932291269302369,"orthographic":true}