{"cameraMode":{"drawMode":0,"name":"Shaded","section":"Shading Mode"},"sceneLighting":false,"audioPlay":false,"sceneViewState":{"m_AlwaysRefresh":false,"showFog":true,"showSkybox":false,"showFlares":true,"showImageEffects":true,"showParticleSystems":true,"showVisualEffectGraphs":true,"m_FxEnabled":true},"in2DMode":false,"pivot":{"x":-0.43060576915740969,"y":1.7314887046813965,"z":0.07546663284301758},"rotation":{"x":0.0038907902780920269,"y":0.058468714356422427,"z":-0.00025647596339695156,"w":0.9983265399932861},"size":3.8877413272857668,"orthographic":true}